t,q1,q2,q3,q4,time_from_sync
,,,,,995.0491767248236
,,,,,995.2441766580664
,,,,,995.3191766580665
,,,,,995.5141765913093
,,,,,995.5891765913093
,,,,,995.7841767629707
,,,,,995.859176762971
,,,,,996.0541766962137
,,,,,996.1291766962136
,,,,,996.3241766294564
,,,,,996.3991766294564
,,,,,996.5941765626992
,,,,,996.6691765626992
,,,,,996.864176495942
,,,,,996.9391764959421
,,,,,997.1341766676035
,,,,,997.2091766676037
,,,,,997.4041766008463
,,,,,997.4791766008464
,,,,,997.6741765340892
,,,,,997.7491765340892
,,,,,997.944176467332
,,,,,998.019176467332
,,,,,998.2141764005748
,,,,,998.2891764005749
,,,,,998.4841765722363
,,,,,998.5591765722363
,,,,,998.7541765054793
,,,,,998.8291765054792
,,,,,999.024176438722
,,,,,999.099176438722
,,,,,999.2941763719648
,,,,,999.3691763719648
,,,,,999.5641763052076
,,,,,999.6391763052077
,,,,,999.8341764768691
,,,,,999.9091764768693
,,,,,1000.1041764101119
,,,,,1000.179176410112
,,,,,1000.3741763433547
,,,,,1000.4491763433548
,,,,,1000.6441762765976
,,,,,1000.7191762765976
,,,,,1000.9141762098404
,,,,,1000.9891762098405
,,,,,1001.1841763815019
,,,,,1001.2591763815019
,,,,,1001.4541763147447
,,,,,1001.5291763147447
,,,,,1001.7241762479875
,,,,,1001.7991762479876
,,,,,1001.9941761812304
,,,,,1002.0691761812304
,,,,,1002.2641761144732
,,,,,1002.3391761144733
,,,,,1002.5291761716937
,,,,,1002.6041761716936
,,,,,1002.7991761049364
,,,,,1002.8741761049366
,,,,,1003.069176276598
,,,,,1003.144176276598
,,,,,1003.3391764482594
,,,,,1003.4141764482595
,,,,,1003.6091763815023
,,,,,1003.6841763815023
,,,,,1003.8791763147453
,,,,,1003.9541763147452
,,,,,1004.149176247988
,,,,,1004.224176247988
,,,,,1004.4191764196491
,,,,,1004.4941764196494
,,,,,1004.6891765913108
,,,,,1004.7641765913108
,,,,,1004.9591765245536
,,,,,1005.0341765245537
,,,,,1005.2291764577965
,,,,,1005.3041764577965
,,,,,1005.4991763910393
,,,,,1005.5741763910391
,,,,,1005.7691765627007
,,,,,1005.8441765627008
,,,,,1006.0391767343622
,,,,,1006.1141767343622
,,,,,1006.309176667605
,,,,,1006.3841766676051
,,,,,1006.5791766008479
,,,,,1006.6541766008479
,,,,,1006.8491765340907
,,,,,1006.9241765340907
,,,,,1007.1191767057521
,,,,,1007.1941767057522
,,,,,1007.3891768774135
,,,,,1007.4641768774136
,,,,,1007.6591768106564
,,,,,1007.7341768106564
,,,,,1007.9291767438992
,,,,,1008.0041767438993
,,,,,1008.1991766771421
,,,,,1008.2741766771421
,,,,,1008.4691768488035
,,,,,1008.5441768488035
,,,,,1008.7391770204649
,,,,,1008.814177020465
,,,,,1009.0091769537078
,,,,,1009.0841769537078
,,,,,1009.2791768869506
,,,,,1009.3541768869507
,,,,,1009.5491768201935
,,,,,1009.6241768201935
,,,,,1009.8191769918549
,,,,,1009.8941769918549
,,,,,1010.0891771635163
,,,,,1010.1641771635163
,,,,,1010.3591770967594
,,,,,1010.4341770967592
,,,,,1010.629177030002
,,,,,1010.704177030002
,,,,,1010.8991769632448
,,,,,1010.9741769632449
,,,,,1011.1691771349062
,,,,,1011.2441771349063
,,,,,1011.4391773065677
,,,,,1011.5141773065677
,,,,,1011.7091772398105
,,,,,1011.7841772398106
,,,,,1011.9791771730534
,,,,,1012.0541771730532
,,,,,1012.2491771062962
,,,,,1012.3241771062962
,,,,,1012.5191772779576
,,,,,1012.5941772779577
,,,,,1012.789177449619
,,,,,1012.8641774496191
,,,,,1013.0591773828619
,,,,,1013.1341773828622
,,,,,1013.329177316105
,,,,,1013.4041773161048
,,,,,1013.5991772493476
,,,,,1013.6741772493476
,,,,,1013.8691774210088
,,,,,1013.944177421009
,,,,,1014.1391775926704
,,,,,1014.2141775926705
,,,,,1014.4091775259133
,,,,,1014.4841775259133
,,,,,1014.6791774591561
,,,,,1014.7541774591562
,,,,,1014.949177392399
,,,,,1015.0241773923988
,,,,,1015.2191775640604
,,,,,1015.2941775640604
,,,,,1015.4891777357216
,,,,,1015.5641777357218
,,,,,1015.744177802479
,,,,,1015.8191778024791
,,,,,1016.0141779741405
,,,,,1016.0891779741405
,,,,,1016.2841779073833
,,,,,1016.3591779073834
,,,,,1016.5541778406262
,,,,,1016.6291778406262
,,,,,1016.8241777738688
,,,,,1016.899177773869
,,,,,1017.0941779455304
,,,,,1017.1691779455305
,,,,,1017.3641781171918
,,,,,1017.4391781171919
,,,,,1017.6341780504347
,,,,,1017.709178050435
,,,,,1017.9041779836778
,,,,,1017.9791779836776
,,,,,1018.1741779169204
,,,,,1018.2491779169204
,,,,,1018.4441780885816
,,,,,1018.5191780885818
,,,,,1018.7141782602432
,,,,,1018.7891782602433
,,,,,1018.9841781934861
,,,,,1019.0591781934861
,,,,,1019.2541781267289
,,,,,1019.329178126729
,,,,,1019.5241780599717
,,,,,1019.5991780599716
,,,,,1019.7941782316332
,,,,,1019.8691782316332
,,,,,1020.0641784032944
,,,,,1020.1391784032946
,,,,,1020.3341783365374
,,,,,1020.4091783365375
,,,,,1020.6041782697803
,,,,,1020.6791782697803
,,,,,1020.8741782030233
,,,,,1020.9491782030232
,,,,,1021.1441783746845
,,,,,1021.2191783746844
,,,,,1021.414178546346
,,,,,1021.489178546346
,,,,,1021.6841784795888
,,,,,1021.7591784795889
,,,,,1021.9541784128317
,,,,,1022.0291784128317
,,,,,1022.2241783460745
,,,,,1022.2991783460747
,,,,,1022.4941785177363
,,,,,1022.5691785177361
,,,,,1022.7641786893975
,,,,,1022.8391786893973
,,,,,1023.0341786226403
,,,,,1023.1091786226403
,,,,,1023.3041785558831
,,,,,1023.3791785558832
,,,,,1023.574178489126
,,,,,1023.6491784891263
,,,,,1023.8441786607874
,,,,,1023.9191786607875
,,,,,1024.114178832449
,,,,,1024.1891788324488
,,,,,1024.3841787656916
,,,,,1024.4591787656916
,,,,,1024.6541786989344
,,,,,1024.7291786989344
,,,,,1024.9241786321772
,,,,,1024.9991786321773
,,,,,1025.1941788038387
,,,,,1025.269178803839
,,,,,1025.2741789182796
,,,,,1025.3491789182797
,,,,,1025.544179089941
,,,,,1025.619179089941
,,,,,1025.814179023184
,,,,,1025.8891790231842
,,,,,1026.084178956427
,,,,,1026.1591789564268
,,,,,1026.3541788896696
,,,,,1026.4291788896696
,,,,,1026.6241788229124
,,,,,1026.6991788229125
,,,,,1026.8941789945738
,,,,,1026.969178994574
,,,,,1027.1641789278167
,,,,,1027.239178927817
,,,,,1027.4341788610598
,,,,,1027.5091788610596
,,,,,1027.7041787943024
,,,,,1027.7791787943024
,,,,,1027.9741787275452
,,,,,1028.0491787275453
,,,,,1028.2441788992066
,,,,,1028.3191788992067
,,,,,1028.5141788324495
,,,,,1028.5891788324498
,,,,,1028.7841787656923
,,,,,1028.8591787656924
,,,,,1029.0541786989352
,,,,,1029.1291786989352
,,,,,1029.324178632178
,,,,,1029.399178632178
,,,,,1029.5941788038394
,,,,,1029.6691788038395
,,,,,1029.8641787370823
,,,,,1029.9391787370823
,,,,,1030.1341786703254
,,,,,1030.2091786703252
,,,,,1030.404178603568
,,,,,1030.479178603568
,,,,,1030.6741785368108
,,,,,1030.7491785368109
,,,,,1030.9441787084722
,,,,,1031.0191787084723
,,,,,1031.214178641715
,,,,,1031.2891786417154
,,,,,1031.4841785749582
,,,,,1031.559178574958
,,,,,1031.7541785082008
,,,,,1031.8291785082008
,,,,,1032.0241784414436
,,,,,1032.0991784414437
,,,,,1032.294178613105
,,,,,1032.369178613105
,,,,,1032.5641785463479
,,,,,1032.6391785463481
,,,,,1032.834178479591
,,,,,1032.9091784795908
,,,,,1033.1041784128336
,,,,,1033.1791784128336
,,,,,1033.3741783460764
,,,,,1033.4491783460765
,,,,,1033.6441785177378
,,,,,1033.7191785177379
,,,,,1033.9141784509807
,,,,,1033.989178450981
,,,,,1034.1841783842237
,,,,,1034.2591783842236
,,,,,1034.4541783174664
,,,,,1034.5291783174664
,,,,,1034.7241782507092
,,,,,1034.7991782507092
,,,,,1034.9941784223706
,,,,,1035.0691784223707
,,,,,1035.2641783556135
,,,,,1035.3391783556137
,,,,,1035.5341782888563
,,,,,1035.6091782888564
,,,,,1035.8041782220992
,,,,,1035.8791782220992
,,,,,1036.074178155342
,,,,,1036.149178155342
,,,,,1036.3441783270034
,,,,,1036.4191783270035
,,,,,1036.6141782602463
,,,,,1036.6891782602463
,,,,,1036.884178193489
,,,,,1036.9591781934892
,,,,,1037.154178126732
,,,,,1037.229178126732
,,,,,1037.4241780599748
,,,,,1037.4991780599748
,,,,,1037.6941782316362
,,,,,1037.7691782316363
,,,,,1037.964178164879
,,,,,1038.039178164879
,,,,,1038.234178098122
,,,,,1038.309178098122
,,,,,1038.5041780313647
,,,,,1038.5791780313648
,,,,,1038.7741779646076
,,,,,1038.8491779646076
,,,,,1039.044178136269
,,,,,1039.119178136269
,,,,,1039.3141780695119
,,,,,1039.389178069512
,,,,,1039.5841780027547
,,,,,1039.6591780027547
,,,,,1039.8541779359978
,,,,,1039.9291779359976
,,,,,1040.1241778692404
,,,,,1040.1991778692404
,,,,,1040.3941780409018
,,,,,1040.4691780409019
,,,,,1040.6641779741446
,,,,,1040.7391779741447
,,,,,1040.9341779073875
,,,,,1041.0091779073878
,,,,,1041.2041778406303
,,,,,1041.2791778406304
,,,,,1041.4741777738732
,,,,,1041.5491777738732
,,,,,1041.7441779455344
,,,,,1041.8191779455346
,,,,,1042.0141778787774
,,,,,1042.0891778787775
,,,,,1042.2841778120203
,,,,,1042.3591778120203
,,,,,1042.5541777452634
,,,,,1042.6291777452632
,,,,,1042.824177678506
,,,,,1042.899177678506
,,,,,1043.0941778501672
,,,,,1043.1691778501674
,,,,,1043.3641777834102
,,,,,1043.4391777834103
,,,,,1043.634177716653
,,,,,1043.7091777166534
,,,,,1043.9041776498962
,,,,,1043.979177649896
,,,,,1044.1741775831388
,,,,,1044.2491775831388
,,,,,1044.4441777548002
,,,,,1044.5191777548002
,,,,,1044.714177688043
,,,,,1044.789177688043
,,,,,1044.9841776212859
,,,,,1045.0591776212862
,,,,,1045.254177554529
,,,,,1045.3291775545288
,,,,,1045.5241774877716
,,,,,1045.5991774877716
,,,,,1045.7941776594328
,,,,,1045.869177659433
,,,,,1046.0641775926758
,,,,,1046.1391775926759
,,,,,1046.3341775259187
,,,,,1046.409177525919
,,,,,1046.6041774591617
,,,,,1046.6791774591616
,,,,,1046.8741773924044
,,,,,1046.9491773924044
,,,,,1047.1441775640656
,,,,,1047.2191775640658
,,,,,1047.4141774973086
,,,,,1047.4891774973087
,,,,,1047.6841774305515
,,,,,1047.7591774305517
,,,,,1047.9541773637943
,,,,,1048.0291773637944
,,,,,1048.2241772970372
,,,,,1048.2991772970372
,,,,,1048.4941774686984
,,,,,1048.5691774686986
,,,,,1048.7641774019414
,,,,,1048.8391774019415
,,,,,1049.0341773351843
,,,,,1049.1091773351843
,,,,,1049.3041772684273
,,,,,1049.3791772684272
,,,,,1049.57417720167
,,,,,1049.64917720167
,,,,,1049.8441773733311
,,,,,1049.9191773733314
,,,,,1050.1141773065742
,,,,,1050.1891773065743
,,,,,1050.384177239817
,,,,,1050.4591772398173
,,,,,1050.6541771730601
,,,,,1050.72917717306
,,,,,1050.889177020472
,,,,,1050.964177020472
,,,,,1051.159176953715
,,,,,1051.234176953715
,,,,,1051.4291771253763
,,,,,1051.5041771253764
,,,,,1051.6991772970377
,,,,,1051.7741772970376
,,,,,1051.9691772302804
,,,,,1052.0441772302806
,,,,,1052.2391771635234
,,,,,1052.3141771635235
,,,,,1052.5091770967663
,,,,,1052.5841770967663
,,,,,1052.7791772684277
,,,,,1052.8541772684277
,,,,,1053.0491774400894
,,,,,1053.1241774400892
,,,,,1053.319177373332
,,,,,1053.394177373332
,,,,,1053.5891773065748
,,,,,1053.6641773065749
,,,,,1053.8591772398177
,,,,,1053.9341772398177
,,,,,1054.129177411479
,,,,,1054.2041774114793
,,,,,1054.3991775831405
,,,,,1054.4741775831405
,,,,,1054.6691775163833
,,,,,1054.7441775163832
,,,,,1054.9341775736038
,,,,,1055.009177573604
,,,,,1055.2041775068467
,,,,,1055.279177506847
,,,,,1055.4691775640672
,,,,,1055.5441775640672
,,,,,1055.7391777357286
,,,,,1055.8141777357287
,,,,,1056.0091776689715
,,,,,1056.0841776689715
,,,,,1056.2791776022143
,,,,,1056.3541776022143
,,,,,1056.5491775354571
,,,,,1056.6241775354572
,,,,,1056.8191777071186
,,,,,1056.8941777071186
,,,,,1057.08917787878
,,,,,1057.16417787878
,,,,,1057.3591778120228
,,,,,1057.4341778120229
,,,,,1057.6291777452657
,,,,,1057.7041777452657
,,,,,1057.8991776785085
,,,,,1057.9741776785086
,,,,,1058.16917785017
,,,,,1058.24417785017
,,,,,1058.4341779073904
,,,,,1058.5091779073905
,,,,,1058.7041778406333
,,,,,1058.7791778406333
,,,,,1058.974178012295
,,,,,1059.0491780122948
,,,,,1059.2441779455376
,,,,,1059.3191779455376
,,,,,1059.5141778787804
,,,,,1059.5891778787804
,,,,,1059.7841778120232
,,,,,1059.8591778120233
,,,,,1060.054177745266
,,,,,1060.1291777452661
,,,,,1060.3241779169277
,,,,,1060.3991779169276
,,,,,1060.5941778501704
,,,,,1060.6691778501704
,,,,,1060.8641777834132
,,,,,1060.9391777834132
,,,,,1061.134177716656
,,,,,1061.209177716656
,,,,,1061.4041776498989
,,,,,1061.479177649899
,,,,,1061.6741778215603
,,,,,1061.7491778215604
,,,,,1061.9441777548031
,,,,,1062.0191777548032
,,,,,1062.214177688046
,,,,,1062.289177688046
,,,,,1062.4841776212888
,,,,,1062.5591776212889
,,,,,1062.7541775545317
,,,,,1062.8291775545317
,,,,,1063.024177726193
,,,,,1063.0991777261931
,,,,,1063.294177659436
,,,,,1063.369177659436
,,,,,1063.5641775926788
,,,,,1063.6391775926788
,,,,,1063.829177411481
,,,,,1063.9041774114808
,,,,,1064.0991773447236
,,,,,1064.1741773447236
,,,,,1064.3691772779664
,,,,,1064.4441772779664
,,,,,1064.6391772112092
,,,,,1064.7141772112093
,,,,,1064.9091773828707
,,,,,1064.984177382871
,,,,,1065.1791773161137
,,,,,1065.2541773161136
,,,,,1065.4491772493564
,,,,,1065.5241772493564
,,,,,1065.7191771825992
,,,,,1065.7941771825992
,,,,,1065.989177115842
,,,,,1066.064177115842
,,,,,1066.2591772875035
,,,,,1066.3341772875037
,,,,,1066.5291772207463
,,,,,1066.6041772207464
,,,,,1066.7991771539891
,,,,,1066.8741771539892
,,,,,1067.069177087232
,,,,,1067.144177087232
,,,,,1067.3391770204748
,,,,,1067.4141770204749
,,,,,1067.6091771921363
,,,,,1067.6841771921363
,,,,,1067.879177125379
,,,,,1067.9541771253791
,,,,,1068.149177058622
,,,,,1068.224177058622
,,,,,1068.4191769918648
,,,,,1068.4941769918648
,,,,,1068.6891769251076
,,,,,1068.7641769251077
,,,,,1068.959177096769
,,,,,1069.034177096769
,,,,,1069.229177030012
,,,,,1069.3041770300122
,,,,,1069.499176963255
,,,,,1069.5741769632548
,,,,,1069.7691768964976
,,,,,1069.8441768964976
,,,,,1070.0391768297404
,,,,,1070.1141768297405
,,,,,1070.3091770014018
,,,,,1070.384177001402
,,,,,1070.5791769346447
,,,,,1070.654176934645
,,,,,1070.8491768678878
,,,,,1070.9241768678876
,,,,,1071.1191768011304
,,,,,1071.1941768011304
,,,,,1071.3891767343732
,,,,,1071.4641767343733
,,,,,1071.6591769060346
,,,,,1071.7341769060347
,,,,,1071.9291768392775
,,,,,1072.0041768392778
,,,,,1072.194176896498
,,,,,1072.269176896498
,,,,,1072.4641770681594
,,,,,1072.5391770681595
,,,,,1072.7341770014023
,,,,,1072.8091770014023
,,,,,1073.004176934645
,,,,,1073.0791769346451
,,,,,1073.274176867888
,,,,,1073.349176867888
,,,,,1073.5441770395494
,,,,,1073.6191770395494
,,,,,1073.8141772112108
,,,,,1073.8891772112108
,,,,,1074.0841771444536
,,,,,1074.1591771444537
,,,,,1074.3541770776965
,,,,,1074.4291770776965
,,,,,1074.6241770109393
,,,,,1074.6991770109394
,,,,,1074.894177182601
,,,,,1074.9691771826008
,,,,,1075.1641773542622
,,,,,1075.2391773542622
,,,,,1075.434177287505
,,,,,1075.509177287505
,,,,,1075.6991773447257
,,,,,1075.7741773447256
,,,,,1075.9691772779684
,,,,,1076.0441772779684
,,,,,1076.2391772112112
,,,,,1076.3141772112112
,,,,,1076.5041772684317
,,,,,1076.5791772684317
,,,,,1076.7741772016745
,,,,,1076.8491772016744
,,,,,1077.0441771349172
,,,,,1077.1191771349174
,,,,,1077.3091769537193
,,,,,1077.3841769537194
,,,,,1077.5791768869622
,,,,,1077.6541768869622
,,,,,1077.8491768202048
,,,,,1077.924176820205
,,,,,1078.1191767534478
,,,,,1078.194176753448
,,,,,1078.3891769251093
,,,,,1078.4641769251093
,,,,,1078.659176858352
,,,,,1078.7341768583522
,,,,,1078.929176791595
,,,,,1079.0041767915948
,,,,,1079.1991767248376
,,,,,1079.2741767248378
,,,,,1079.4691766580806
,,,,,1079.5441766580807
,,,,,1079.739176829742
,,,,,1079.814176829742
,,,,,1080.009176762985
,,,,,1080.084176762985
,,,,,1080.2791766962278
,,,,,1080.3541766962276
,,,,,1080.5441765150297
,,,,,1080.6191765150297
,,,,,1080.8141764482725
,,,,,1080.8891764482726
,,,,,1081.0841763815154
,,,,,1081.1591763815154
,,,,,1081.3541763147582
,,,,,1081.4291763147583
,,,,,1081.619176371979
,,,,,1081.6941763719788
,,,,,1081.8891763052216
,,,,,1081.9641763052216
,,,,,1082.1591764768827
,,,,,1082.234176476883
,,,,,1082.4291766485444
,,,,,1082.5041766485444
,,,,,1082.694176705765
,,,,,1082.769176705765
,,,,,1082.9641768774263
,,,,,1083.0391768774264
,,,,,1083.2341768106692
,,,,,1083.3091768106692
,,,,,1083.504176743912
,,,,,1083.579176743912
,,,,,1083.7741766771549
,,,,,1083.849176677155
,,,,,1084.0441766103977
,,,,,1084.1191766103977
,,,,,1084.3141767820593
,,,,,1084.3891767820592
,,,,,1084.584176715302
,,,,,1084.659176715302
,,,,,1084.8541766485448
,,,,,1084.9291766485449
,,,,,1085.1241765817877
,,,,,1085.1991765817877
,,,,,1085.3941765150305
,,,,,1085.4691765150305
,,,,,1085.6641766866921
,,,,,1085.739176686692
,,,,,1085.9341766199348
,,,,,1086.0091766199348
,,,,,1086.2041765531776
,,,,,1086.2791765531776
,,,,,1086.4741764864204
,,,,,1086.5491764864205
,,,,,1086.7441764196633
,,,,,1086.8191764196633
,,,,,1087.014176591325
,,,,,1087.0891765913248
,,,,,1087.2841765245676
,,,,,1087.3591765245676
,,,,,1087.549176581788
,,,,,1087.624176581788
,,,,,1087.8141766390086
,,,,,1087.8891766390086
,,,,,1088.0791764578105
,,,,,1088.1541764578105
,,,,,1088.3491763910533
,,,,,1088.4241763910532
,,,,,1088.6191763242962
,,,,,1088.6941763242962
,,,,,1088.8841763815167
,,,,,1088.959176381517
,,,,,1089.1541763147598
,,,,,1089.2291763147596
,,,,,1089.424176486421
,,,,,1089.4991764864208
,,,,,1089.6941766580824
,,,,,1089.7691766580824
,,,,,1089.9641765913252
,,,,,1090.0391765913253
,,,,,1090.234176524568
,,,,,1090.309176524568
,,,,,1090.504176457811
,,,,,1090.579176457811
,,,,,1090.7741766294723
,,,,,1090.8491766294724
,,,,,1091.0441768011337
,,,,,1091.1191768011336
,,,,,1091.3141767343764
,,,,,1091.3891767343766
,,,,,1091.5841766676194
,,,,,1091.6591766676195
,,,,,1091.8541766008623
,,,,,1091.9291766008623
,,,,,1092.1191766580828
,,,,,1092.1941766580828
,,,,,1092.3891765913256
,,,,,1092.4641765913257
,,,,,1092.6541764101275
,,,,,1092.7291764101276
,,,,,1092.9241763433704
,,,,,1092.9991763433704
,,,,,1093.1941762766132
,,,,,1093.2691762766133
,,,,,1093.4641764482747
,,,,,1093.5391764482747
,,,,,1093.734176619936
,,,,,1093.8091766199361
,,,,,1094.004176553179
,,,,,1094.079176553179
,,,,,1094.2741764864218
,,,,,1094.3491764864218
,,,,,1094.5441764196646
,,,,,1094.6191764196647
,,,,,1094.814176591326
,,,,,1094.889176591326
,,,,,1095.0841767629875
,,,,,1095.1591767629875
,,,,,1095.3541766962303
,,,,,1095.4291766962303
,,,,,1095.6241766294734
,,,,,1095.6991766294732
,,,,,1095.894176562716
,,,,,1095.969176562716
,,,,,1096.1641767343774
,,,,,1096.2391767343775
,,,,,1096.4341769060388
,,,,,1096.5091769060389
,,,,,1096.7041768392817
,,,,,1096.7791768392817
,,,,,1096.9741767725245
,,,,,1097.0491767725246
,,,,,1097.2441767057674
,,,,,1097.3191767057672
,,,,,1097.5141768774288
,,,,,1097.5891768774288
,,,,,1097.7841770490902
,,,,,1097.8591770490902
,,,,,1098.054176982333
,,,,,1098.129176982333
,,,,,1098.324176915576
,,,,,1098.3991769155762
,,,,,1098.594176848819
,,,,,1098.6691768488188
,,,,,1098.8641770204802
,,,,,1098.9391770204802
,,,,,1099.1341771921416
,,,,,1099.2091771921416
,,,,,1099.4041771253844
,,,,,1099.4791771253845
,,,,,1099.6741770586273
,,,,,1099.7491770586273
,,,,,1099.94417699187
,,,,,1100.0191769918702
,,,,,1100.2141771635318
,,,,,1100.2891771635316
,,,,,1100.484177335193
,,,,,1100.5591773351928
,,,,,1100.7541772684356
,,,,,1100.8291772684358
,,,,,1101.0241772016786
,,,,,1101.0991772016787
,,,,,1101.2941771349215
,,,,,1101.3691771349218
,,,,,1101.564177306583
,,,,,1101.639177306583
,,,,,1101.8341774782443
,,,,,1101.9091774782444
,,,,,1102.1041774114872
,,,,,1102.1791774114872
,,,,,1102.37417734473
,,,,,1102.44917734473
,,,,,1102.6441772779729
,,,,,1102.719177277973
,,,,,1102.9141774496343
,,,,,1102.9891774496343
,,,,,1103.1841776212957
,,,,,1103.2591776212957
,,,,,1103.4541775545385
,,,,,1103.5291775545384
,,,,,1103.7241774877812
,,,,,1103.7991774877814
,,,,,1103.9941774210242
,,,,,1104.0691774210243
,,,,,1104.2641775926857
,,,,,1104.3391775926857
,,,,,1104.534177764347
,,,,,1104.6091777643474
,,,,,1104.8041776975901
,,,,,1104.87917769759
,,,,,1105.0741776308328
,,,,,1105.1491776308328
,,,,,1105.3441775640756
,,,,,1105.4191775640757
,,,,,1105.614177735737
,,,,,1105.689177735737
,,,,,1105.8841779073985
,,,,,1105.9591779073985
,,,,,1106.1541778406413
,,,,,1106.2291778406413
,,,,,1106.4241777738841
,,,,,1106.4991777738842
,,,,,1106.6941777071268
,,,,,1106.769177707127
,,,,,1106.9641778787884
,,,,,1107.0391778787885
,,,,,1107.2341780504498
,,,,,1107.3091780504499
,,,,,1107.5041779836927
,,,,,1107.579177983693
,,,,,1107.7741779169357
,,,,,1107.8491779169356
,,,,,1108.0441778501784
,,,,,1108.1191778501784
,,,,,1108.3141780218396
,,,,,1108.3891780218398
,,,,,1108.5841781935012
,,,,,1108.6591781935012
,,,,,1108.854178126744
,,,,,1108.929178126744
,,,,,1109.124178059987
,,,,,1109.199178059987
,,,,,1109.3941779932297
,,,,,1109.4691779932296
,,,,,1109.6641781648912
,,,,,1109.7391781648912
,,,,,1109.9341783365523
,,,,,1110.0091783365526
,,,,,1110.2041782697954
,,,,,1110.2791782697955
,,,,,1110.4741782030383
,,,,,1110.5491782030383
,,,,,1110.7441781362813
,,,,,1110.8191781362812
,,,,,1111.0141783079425
,,,,,1111.0891783079423
,,,,,1111.284178479604
,,,,,1111.359178479604
,,,,,1111.5541784128468
,,,,,1111.6291784128468
,,,,,1111.8241783460896
,,,,,1111.8991783460897
,,,,,1112.0941782793325
,,,,,1112.1691782793325
,,,,,1112.364178450994
,,,,,1112.439178450994
,,,,,1112.6341786226553
,,,,,1112.7091786226551
,,,,,1112.9041785558982
,,,,,1112.9791785558982
,,,,,1113.174178489141
,,,,,1113.249178489141
,,,,,1113.4441784223839
,,,,,1113.519178422384
,,,,,1113.7141785940453
,,,,,1113.7891785940453
,,,,,1113.9841787657067
,,,,,1114.0591787657067
,,,,,1114.2541786989495
,,,,,1114.3291786989496
,,,,,1114.5241786321924
,,,,,1114.5991786321924
,,,,,1114.7941785654352
,,,,,1114.8691785654353
,,,,,1115.0641787370967
,,,,,1115.1391787370967
,,,,,1115.334178908758
,,,,,1115.4091789087581
,,,,,1115.604178842001
,,,,,1115.679178842001
,,,,,1115.8741787752438
,,,,,1115.9491787752438
,,,,,1116.1441787084866
,,,,,1116.2191787084867
,,,,,1116.414178880148
,,,,,1116.489178880148
,,,,,1116.6841790518095
,,,,,1116.7591790518095
,,,,,1116.9541789850523
,,,,,1117.0291789850523
,,,,,1117.2241789182954
,,,,,1117.2991789182952
,,,,,1117.494178851538
,,,,,1117.569178851538
,,,,,1117.7641790231992
,,,,,1117.8391790231994
,,,,,1118.0341791948608
,,,,,1118.1091791948609
,,,,,1118.3041791281037
,,,,,1118.3791791281037
,,,,,1118.5741790613465
,,,,,1118.6491790613466
,,,,,1118.8441789945894
,,,,,1118.9191789945892
,,,,,1119.1141791662508
,,,,,1119.1891791662508
,,,,,1119.3841793379122
,,,,,1119.4591793379122
,,,,,1119.654179271155
,,,,,1119.729179271155
,,,,,1119.924179204398
,,,,,1119.9991792043982
,,,,,1120.194179137641
,,,,,1120.2691791376408
,,,,,1120.4641793093022
,,,,,1120.5391793093022
,,,,,1120.7341794809636
,,,,,1120.8091794809636
,,,,,1121.0041794142064
,,,,,1121.0791794142065
,,,,,1121.2741793474493
,,,,,1121.3491793474493
,,,,,1121.544179280692
,,,,,1121.6191792806922
,,,,,1121.8141794523538
,,,,,1121.8891794523536
,,,,,1122.084179624015
,,,,,1122.1591796240148
,,,,,1122.3541795572576
,,,,,1122.4291795572578
,,,,,1122.6241794905006
,,,,,1122.6991794905007
,,,,,1122.8941794237435
,,,,,1122.9691794237438
,,,,,1123.164179595405
,,,,,1123.239179595405
,,,,,1123.4341797670663
,,,,,1123.5091797670664
,,,,,1123.7041797003092
,,,,,1123.7791797003092
,,,,,1123.974179633552
,,,,,1124.049179633552
,,,,,1124.2441795667949
,,,,,1124.319179566795
,,,,,1124.5141797384563
,,,,,1124.5891797384563
,,,,,1124.7841799101177
,,,,,1124.8591799101177
