t,x,y,z,time_from_sync
1668.020004892529,-472,-2,-170,1638.0241702399462
1668.095004892529,-472,-3,-169,1638.0991702399463
1668.2900048257718,-473,-5,-172,1638.294170173189
1668.3650048257718,-473,-6,-171,1638.369170173189
1668.5600047590146,-471,0,-174,1638.564170106432
1668.6350047590147,-470,-1,-173,1638.639170106432
1668.8300046922575,-474,0,-166,1638.8341700396747
1668.9050046922575,-474,0,-166,1638.9091700396748
1669.100004863919,-477,6,-163,1639.1041702113362
1669.175004863919,-477,6,-162,1639.1791702113362
1669.3700047971618,-476,0,-165,1639.374170144579
1669.4450047971618,-476,0,-164,1639.449170144579
1669.6400047304046,-473,1,-172,1639.6441700778219
1669.7150047304046,-472,1,-171,1639.719170077822
1669.9100046636474,-472,0,-171,1639.9141700110647
1669.9850046636475,-471,-1,-171,1639.9891700110647
1670.1800045968905,-475,0,-167,1640.1841699443078
1670.2550045968903,-474,0,-166,1640.2591699443076
1670.4500047685517,-476,5,-165,1640.454170115969
1670.5250047685518,-475,4,-165,1640.529170115969
1670.7200047017946,-472,1,-171,1640.7241700492118
1670.7950047017946,-472,0,-170,1640.7991700492119
1670.9900046350374,-475,2,-168,1640.9941699824547
1671.0650046350374,-475,1,-167,1641.0691699824547
1671.2600045682802,-473,2,-169,1641.2641699156975
1671.3350045682805,-473,2,-168,1641.3391699156978
1671.530004501523,-479,4,-161,1641.5341698489403
1671.6050045015231,-479,4,-160,1641.6091698489404
1671.8000046731845,-476,6,-166,1641.8041700206018
1671.8750046731843,-476,6,-166,1641.8791700206016
1672.0700046064271,-475,7,-166,1642.0741699538444
1672.1450046064274,-475,6,-165,1642.1491699538446
1672.3400045396702,-474,3,-170,1642.3441698870874
1672.4150045396702,-473,3,-170,1642.4191698870875
1672.610004472913,-472,2,-171,1642.6141698203303
1672.685004472913,-472,2,-170,1642.6891698203303
1672.880004406156,-473,4,-170,1642.8841697535734
1672.955004406156,-473,3,-170,1642.9591697535732
1673.1500045778173,-473,1,-169,1643.1541699252346
1673.2250045778171,-473,1,-168,1643.2291699252344
1673.42000451106,-476,3,-166,1643.4241698584772
1673.4950045110602,-475,2,-165,1643.4991698584774
1673.690004444303,-474,2,-168,1643.6941697917202
1673.765004444303,-474,2,-168,1643.7691697917203
1673.9600043775458,-472,-1,-174,1643.964169724963
1674.035004377546,-472,-1,-173,1644.0391697249634
1674.230004310789,-470,-9,-173,1644.2341696582062
1674.3050043107887,-470,-9,-172,1644.309169658206
1674.50000448245,-472,-8,-170,1644.5041698298674
1674.57500448245,-472,-9,-170,1644.5791698298672
1674.770004415693,-473,-8,-169,1644.7741697631102
1674.845004415693,-473,-8,-169,1644.8491697631102
1675.0400043489358,-477,-3,-165,1645.044169696353
1675.1150043489358,-477,-3,-164,1645.119169696353
1675.3100042821786,-475,-10,-168,1645.3141696295959
1675.385004282179,-475,-11,-167,1645.3891696295962
1675.5800042154217,-472,-11,-173,1645.584169562839
1675.6550042154215,-472,-12,-172,1645.6591695628388
1675.850004387083,-472,-12,-172,1645.8541697345001
1675.925004387083,-472,-12,-171,1645.9291697345002
1676.1200043203255,-473,-14,-167,1646.1241696677428
1676.1950043203258,-473,-15,-167,1646.199169667743
1676.3900042535686,-474,-8,-170,1646.3941696009858
1676.4650042535686,-474,-8,-169,1646.4691696009859
1676.6600041868114,-476,-9,-166,1646.6641695342287
1676.7350041868117,-476,-9,-166,1646.739169534229
1676.9300041200545,-473,-8,-171,1646.9341694674717
1677.0050041200543,-473,-9,-170,1647.0091694674716
1677.2000042917157,-479,-10,-161,1647.204169639133
1677.2750042917155,-479,-10,-160,1647.2791696391328
1677.4700042249583,-479,-13,-160,1647.4741695723756
1677.5450042249586,-479,-13,-159,1647.5491695723758
1677.7400041582014,-477,-10,-164,1647.7441695056186
1677.8150041582014,-477,-10,-163,1647.8191695056187
1678.0100040914442,-477,-12,-161,1648.0141694388615
1678.0850040914445,-477,-12,-160,1648.0891694388617
1678.280004024687,-476,-7,-163,1648.2841693721043
1678.355004024687,-476,-7,-162,1648.3591693721044
1678.5500041963485,-477,-7,-163,1648.5541695437657
1678.6250041963483,-477,-7,-162,1648.6291695437656
1678.820004129591,-478,-8,-163,1648.8241694770084
1678.8950041295914,-478,-9,-162,1648.8991694770086
1679.0900040628342,-477,-6,-164,1649.0941694102514
1679.1650040628342,-477,-6,-163,1649.1691694102515
1679.360003996077,-476,-9,-165,1649.3641693434943
1679.435003996077,-476,-10,-164,1649.4391693434943
1679.63000392932,-477,-6,-163,1649.6341692767373
1679.70500392932,-477,-6,-162,1649.7091692767372
1679.9000041009813,-480,-2,-160,1649.9041694483985
1679.975004100981,-480,-2,-160,1649.9791694483984
1680.170004034224,-476,-4,-162,1650.1741693816411
1680.2450040342242,-476,-4,-161,1650.2491693816414
1680.440003967467,-473,-8,-169,1650.4441693148842
1680.515003967467,-473,-9,-168,1650.5191693148843
1680.7100039007098,-476,-4,-165,1650.714169248127
1680.78500390071,-476,-4,-165,1650.7891692481273
1680.9800038339529,-477,7,-158,1650.9841691813701
1681.0550038339527,-477,7,-158,1651.05916918137
1681.250004005614,-479,9,-159,1651.2541693530313
1681.325004005614,-478,9,-158,1651.3291693530311
1681.520003938857,-475,9,-163,1651.5241692862742
1681.595003938857,-475,9,-162,1651.5991692862742
1681.7900038720998,-476,13,-161,1651.794169219517
1681.8650038720998,-476,12,-160,1651.869169219517
1682.0600038053426,-477,18,-161,1652.0641691527599
1682.1350038053426,-477,18,-161,1652.13916915276
1682.3300037385854,-475,26,-159,1652.3341690860027
1682.4050037385855,-475,26,-158,1652.4091690860027
1682.6000039102469,-478,27,-153,1652.6041692576641
1682.675003910247,-477,26,-152,1652.6791692576642
1682.8700038434897,-477,21,-160,1652.874169190907
1682.9450038434898,-477,21,-159,1652.949169190907
1683.1400037767326,-479,19,-159,1653.1441691241498
1683.2150037767326,-478,19,-158,1653.2191691241499
1683.4100037099754,-475,20,-163,1653.4141690573927
1683.4850037099754,-475,20,-162,1653.4891690573927
1683.6800036432182,-474,15,-167,1653.6841689906355
1683.7550036432183,-474,15,-166,1653.7591689906355
1683.9500038148797,-475,17,-165,1653.954169162297
1684.0250038148797,-475,17,-164,1654.029169162297
1684.2200037481225,-475,21,-163,1654.2241690955398
1684.2950037481226,-475,21,-162,1654.2991690955398
1684.4900036813654,-475,17,-164,1654.4941690287826
1684.5650036813654,-474,16,-164,1654.5691690287827
1684.7600036146082,-476,16,-163,1654.7641689620255
1684.8350036146082,-475,16,-163,1654.8391689620255
1685.030003547851,-477,14,-163,1655.0341688952683
1685.105003547851,-477,13,-163,1655.1091688952683
1685.3000037195125,-476,21,-162,1655.3041690669297
1685.3750037195125,-476,20,-162,1655.3791690669298
1685.5700036527553,-474,19,-165,1655.5741690001726
1685.6450036527551,-474,19,-164,1655.6491690001724
1685.840003585998,-465,13,-180,1655.8441689334152
1685.9150035859982,-464,12,-180,1655.9191689334154
1686.110003519241,-475,10,-166,1656.1141688666582
1686.185003519241,-475,9,-165,1656.1891688666583
1686.3800034524838,-477,11,-160,1656.384168799901
1686.455003452484,-477,11,-160,1656.4591687999014
1686.6500036241453,-476,1,-165,1656.6541689715625
1686.7250036241453,-476,1,-164,1656.7291689715626
1686.920003557388,-474,0,-170,1656.9241689048054
1686.995003557388,-474,-1,-169,1656.9991689048052
1687.190003490631,-475,-4,-168,1657.1941688380482
1687.265003490631,-474,-5,-167,1657.2691688380482
1687.4600034238738,-474,-8,-168,1657.464168771291
1687.5350034238738,-474,-9,-167,1657.539168771291
1687.7300033571166,-474,-7,-168,1657.7341687045339
1687.805003357117,-474,-7,-168,1657.8091687045342
1688.000003528778,-475,-11,-166,1658.0041688761953
1688.075003528778,-475,-12,-165,1658.0791688761954
1688.270003462021,-476,-14,-169,1658.2741688094382
1688.345003462021,-476,-15,-168,1658.3491688094382
1688.5400033952635,-475,-16,-168,1658.5441687426808
1688.6150033952638,-475,-16,-167,1658.619168742681
1688.8100033285066,-478,-18,-161,1658.8141686759238
1688.8850033285066,-477,-18,-161,1658.8891686759239
1689.0800032617494,-479,-9,-159,1659.0841686091667
1689.1550032617497,-479,-10,-157,1659.159168609167
1689.3500034334108,-477,-7,-162,1659.354168780828
1689.425003433411,-477,-8,-161,1659.4291687808281
1689.6200033666537,-477,-3,-163,1659.624168714071
1689.6950033666535,-477,-4,-162,1659.6991687140708
1689.8900032998963,-478,0,-161,1659.8941686473136
1689.9650032998966,-478,0,-160,1659.9691686473138
1690.1600032331394,-476,-5,-164,1660.1641685805566
1690.2350032331394,-476,-5,-163,1660.2391685805567
1690.4300031663822,-477,-7,-166,1660.4341685137995
1690.5050031663825,-477,-7,-165,1660.5091685137998
1690.7000033380436,-475,-5,-167,1660.704168685461
1690.7750033380437,-475,-6,-166,1660.779168685461
1690.9700032712865,-477,-7,-165,1660.9741686187037
1691.0450032712863,-477,-7,-164,1661.0491686187036
1691.240003204529,-477,-11,-164,1661.2441685519464
1691.3150032045294,-477,-12,-163,1661.3191685519466
1691.5100031377722,-475,-9,-168,1661.5141684851894
1691.5850031377722,-475,-9,-167,1661.5891684851895
1691.780003071015,-475,-7,-168,1661.7841684184323
1691.855003071015,-475,-8,-167,1661.8591684184323
1692.0500032426764,-478,-7,-162,1662.0541685900937
1692.1250032426765,-478,-8,-161,1662.1291685900937
1692.3200031759193,-477,-6,-168,1662.3241685233365
1692.395003175919,-476,-7,-168,1662.3991685233364
1692.590003109162,-476,-13,-166,1662.5941684565792
1692.6650031091622,-476,-13,-165,1662.6691684565794
1692.860003042405,-476,-11,-165,1662.8641683898222
1692.935003042405,-476,-12,-165,1662.9391683898223
1693.1300029756478,-476,-16,-165,1663.134168323065
1693.205002975648,-476,-17,-165,1663.2091683230653
1693.4000031473092,-475,-8,-168,1663.4041684947265
1693.4750031473093,-475,-9,-167,1663.4791684947265
1693.670003080552,-481,-9,-158,1663.6741684279693
1693.745003080552,-481,-10,-157,1663.7491684279692
1693.940003013795,-484,-5,-154,1663.9441683612122
1694.015003013795,-484,-6,-153,1664.0191683612122
1694.2100029470378,-482,-5,-161,1664.214168294455
1694.2850029470378,-481,-6,-160,1664.289168294455
1694.4800028802806,-482,-5,-155,1664.4841682276979
1694.5550028802809,-482,-5,-154,1664.5591682276981
1694.750003051942,-481,-2,-158,1664.7541683993593
1694.825003051942,-480,-3,-157,1664.8291683993593
1695.0200029851849,-479,0,-162,1665.0241683326021
1695.095002985185,-479,0,-161,1665.0991683326022
1695.2900029184275,-480,-3,-160,1665.2941682658447
1695.3650029184278,-480,-4,-159,1665.369168265845
1695.5600028516706,-479,-1,-161,1665.5641681990878
1695.6350028516706,-479,-1,-160,1665.6391681990879
1695.8300027849134,-480,0,-159,1665.8341681323307
1695.9050027849134,-480,-1,-158,1665.9091681323307
1696.1000029565748,-482,0,-155,1666.104168303992
1696.1750029565749,-482,0,-154,1666.1791683039921
1696.3700028898177,-479,5,-161,1666.374168237235
1696.4450028898175,-479,4,-160,1666.4491682372347
1696.6400028230605,-482,2,-156,1666.6441681704778
1696.7150028230606,-482,1,-155,1666.7191681704778
1696.9100027563034,-476,-3,-164,1666.9141681037206
1696.9850027563034,-476,-3,-164,1666.9891681037207
1697.1800026895462,-477,-5,-164,1667.1841680369635
1697.2550026895462,-477,-6,-163,1667.2591680369635
1697.4500028612076,-478,-7,-164,1667.4541682086249
1697.5250028612077,-477,-8,-163,1667.529168208625
1697.7200027944505,-481,-4,-157,1667.7241681418677
1697.7950027944505,-480,-4,-156,1667.7991681418678
1697.9900027276933,-481,3,-159,1667.9941680751106
1698.0650027276934,-480,2,-158,1668.0691680751106
1698.2600026609362,-481,7,-156,1668.2641680083534
1698.3350026609362,-481,6,-156,1668.3391680083535
1698.530002594179,-474,1,-164,1668.5341679415963
1698.605002594179,-474,1,-164,1668.6091679415963
1698.8000027658404,-474,1,-167,1668.8041681132577
1698.8750027658405,-474,1,-166,1668.8791681132577
1699.0700026990833,-478,3,-162,1669.0741680465005
1699.1450026990833,-478,3,-161,1669.1491680465006
1699.340002632326,-475,3,-165,1669.3441679797434
1699.415002632326,-475,3,-164,1669.4191679797432
1699.610002565569,-478,1,-161,1669.6141679129862
1699.685002565569,-478,1,-161,1669.6891679129862
1699.8800024988118,-481,5,-159,1669.884167846229
1699.9550024988118,-481,5,-158,1669.959167846229
1700.1500026704732,-481,14,-155,1670.1541680178905
1700.2250026704733,-481,14,-154,1670.2291680178905
1700.420002603716,-480,16,-154,1670.4241679511333
1700.495002603716,-480,16,-153,1670.4991679511334
1700.690002536959,-476,11,-164,1670.6941678843762
1700.765002536959,-476,11,-163,1670.7691678843762
1700.9600024702015,-477,7,-166,1670.9641678176188
1701.0350024702018,-477,6,-165,1671.039167817619
1701.2300024034446,-481,21,-156,1671.2341677508618
1701.3050024034446,-480,20,-155,1671.309167750862
1701.500002575106,-480,27,-154,1671.5041679225233
1701.575002575106,-480,27,-153,1671.5791679225233
1701.7700025083489,-476,29,-161,1671.774167855766
1701.845002508349,-476,28,-160,1671.8491678557662
1702.0400024415917,-480,35,-151,1672.044167789009
1702.1150024415915,-480,34,-151,1672.1191677890088
1702.3100023748343,-480,37,-152,1672.3141677222516
1702.3850023748346,-480,36,-151,1672.3891677222518
1702.5800023080774,-479,42,-147,1672.5841676554946
1702.6550023080774,-479,42,-146,1672.6591676554947
1702.8500024797388,-478,44,-152,1672.854167827156
1702.9250024797389,-477,43,-152,1672.929167827156
1703.1200024129816,-478,46,-150,1673.124167760399
1703.1950024129817,-478,45,-149,1673.199167760399
1703.3900023462245,-476,57,-147,1673.3941676936417
1703.4650023462243,-476,57,-146,1673.4691676936416
1703.660002279467,-476,69,-136,1673.6641676268844
1703.7350022794674,-476,69,-135,1673.7391676268846
1703.9300022127102,-472,82,-135,1673.9341675601274
1704.0050022127102,-471,82,-135,1674.0091675601275
1704.2000023843716,-470,88,-136,1674.2041677317889
1704.2750023843716,-470,87,-135,1674.279167731789
1704.4700023176144,-472,93,-125,1674.4741676650317
1704.5450023176145,-472,92,-125,1674.5491676650317
1704.7400022508573,-474,100,-107,1674.7441675982745
1704.815002250857,-473,100,-106,1674.8191675982744
1705.0100021841,-474,104,-104,1675.0141675315172
1705.0850021841002,-473,104,-103,1675.0891675315174
1705.280002117343,-467,110,-111,1675.2841674647602
1705.355002117343,-467,109,-110,1675.3591674647603
1705.5500022890044,-469,109,-106,1675.5541676364217
1705.6250022890044,-469,108,-105,1675.6291676364217
1705.8200022222472,-468,121,-88,1675.8241675696645
1705.8950022222473,-468,120,-88,1675.8991675696645
1706.09000215549,-467,119,-88,1676.0941675029073
1706.16500215549,-467,119,-87,1676.1691675029072
1706.360002088733,-463,122,-95,1676.3641674361502
1706.435002088733,-463,122,-94,1676.4391674361502
1706.6300020219758,-462,126,-95,1676.634167369393
1706.7050020219758,-462,126,-94,1676.709167369393
1706.9000021936372,-463,125,-87,1676.9041675410544
1706.9750021936372,-463,124,-87,1676.9791675410545
1707.17000212688,-464,130,-79,1677.1741674742973
1707.24500212688,-464,129,-78,1677.2491674742973
1707.4400020601229,-464,129,-79,1677.4441674075401
1707.515002060123,-464,128,-78,1677.5191674075402
1707.7100019933655,-460,132,-76,1677.7141673407828
1707.7850019933658,-460,132,-75,1677.789167340783
1707.9800019266086,-464,128,-72,1677.9841672740258
1708.0550019266086,-464,128,-71,1678.0591672740259
1708.25000209827,-464,128,-73,1678.2541674456872
1708.32500209827,-464,127,-73,1678.3291674456873
1708.5200020315128,-464,126,-89,1678.52416737893
1708.5950020315129,-463,126,-88,1678.5991673789301
1708.7900019647557,-459,129,-105,1678.794167312173
1708.8650019647555,-459,128,-104,1678.8691673121727
1709.0600018979983,-465,126,-83,1679.0641672454155
1709.1350018979986,-465,125,-82,1679.1391672454158
1709.3300018312414,-464,129,-76,1679.3341671786586
1709.4050018312414,-464,129,-75,1679.4091671786587
1709.6000020029028,-465,127,-80,1679.60416735032
1709.6750020029028,-465,127,-79,1679.67916735032
1709.8700019361456,-461,133,-79,1679.8741672835629
1709.9450019361457,-460,132,-78,1679.949167283563
1710.1400018693885,-462,131,-76,1680.1441672168057
1710.2150018693883,-462,131,-75,1680.2191672168055
1710.410001802631,-460,137,-72,1680.4141671500483
1710.4850018026314,-460,136,-71,1680.4891671500486
1710.6800017358742,-460,135,-69,1680.6841670832914
1710.7550017358742,-460,134,-68,1680.7591670832915
1710.9500019075356,-458,136,-75,1680.9541672549528
1711.0250019075356,-457,136,-74,1681.0291672549529
1711.2200018407784,-459,138,-76,1681.2241671881957
1711.2950018407785,-459,137,-75,1681.2991671881957
1711.4900017740213,-461,135,-71,1681.4941671214385
1711.5650017740213,-460,134,-71,1681.5691671214386
1711.760001707264,-459,136,-73,1681.7641670546814
1711.8350017072642,-459,136,-72,1681.8391670546814
1712.030001640507,-458,138,-73,1682.0341669879242
1712.105001640507,-458,137,-72,1682.1091669879243
1712.3000018121684,-458,137,-67,1682.3041671595856
1712.3750018121684,-458,137,-66,1682.3791671595857
1712.5700017454112,-460,137,-62,1682.5741670928285
1712.6450017454113,-460,136,-62,1682.6491670928285
1712.840001678654,-458,139,-64,1682.8441670260713
1712.915001678654,-458,139,-64,1682.9191670260714
1713.110001611897,-459,137,-65,1683.1141669593142
1713.185001611897,-459,137,-64,1683.1891669593142
1713.3800015451395,-457,142,-58,1683.3841668925568
1713.4550015451398,-457,142,-57,1683.459166892557
1713.6500017168012,-457,139,-66,1683.6541670642184
1713.7250017168012,-457,139,-65,1683.7291670642185
1713.920001650044,-456,139,-74,1683.9241669974613
1713.995001650044,-456,138,-73,1683.9991669974613
1714.1900015832869,-458,139,-67,1684.1941669307041
1714.265001583287,-458,138,-66,1684.2691669307042
1714.4600015165297,-455,145,-61,1684.464166863947
1714.5350015165295,-454,144,-60,1684.5391668639468
1714.7300014497723,-460,138,-67,1684.7341667971896
1714.8050014497726,-460,137,-66,1684.8091667971898
1715.000001621434,-458,137,-80,1685.0041669688512
1715.075001621434,-458,136,-79,1685.0791669688513
1715.2700015546768,-460,132,-89,1685.274166902094
1715.3450015546769,-460,131,-88,1685.349166902094
1715.5400014879197,-463,126,-95,1685.544166835337
1715.6150014879197,-463,126,-94,1685.619166835337
1715.8100014211625,-465,125,-99,1685.8141667685798
1715.8850014211623,-464,125,-98,1685.8891667685796
1716.080001354405,-464,121,-104,1686.0841667018224
1716.1550013544054,-464,120,-104,1686.1591667018226
1716.3500015260668,-465,119,-104,1686.354166873484
1716.4250015260668,-465,119,-103,1686.429166873484
1716.6200014593096,-463,125,-98,1686.6241668067269
1716.6950014593097,-463,124,-97,1686.699166806727
1716.8900013925524,-465,120,-105,1686.8941667399697
1716.9650013925525,-464,120,-104,1686.9691667399698
1717.1650014402362,-464,119,-112,1687.1691667876535
1717.2400014402365,-464,119,-112,1687.2441667876537
1717.435001373479,-464,116,-119,1687.4391667208963
1717.510001373479,-463,116,-118,1687.5141667208964
1717.705001306722,-467,114,-110,1687.7091666541392
1717.780001306722,-467,113,-110,1687.7841666541392
1717.9750012399647,-467,117,-114,1687.979166587382
1718.0500012399648,-466,116,-112,1688.054166587382
1718.2450014116262,-467,112,-117,1688.2491667590434
1718.3200014116262,-467,111,-116,1688.3241667590435
1718.5150015832876,-470,108,-117,1688.5191669307048
1718.5900015832876,-470,107,-116,1688.594166930705
1718.7850015165304,-467,107,-123,1688.7891668639477
1718.8600015165305,-466,107,-122,1688.8641668639477
1719.0550014497733,-469,107,-123,1689.0591667971905
1719.130001449773,-469,106,-122,1689.1341667971903
1719.325001383016,-471,104,-118,1689.3291667304331
1719.4000013830162,-471,104,-117,1689.4041667304334
1719.5950015546775,-472,100,-120,1689.5991669020948
1719.6700015546776,-472,100,-119,1689.6741669020948
1719.865001726339,-471,98,-126,1689.8691670737562
1719.940001726339,-471,98,-125,1689.9441670737563
1720.1350016595818,-472,98,-123,1690.139167006999
1720.2100016595818,-472,97,-123,1690.214167006999
1720.4050015928246,-470,100,-127,1690.409166940242
1720.4800015928247,-470,99,-126,1690.484166940242
1720.6750015260675,-473,95,-128,1690.6791668734847
1720.7500015260675,-473,94,-127,1690.7541668734848
1720.945001697729,-469,93,-140,1690.9491670451462
1721.020001697729,-469,93,-139,1691.0241670451462
1721.2150018693903,-472,89,-135,1691.2191672168076
1721.2900018693904,-471,88,-135,1691.2941672168076
1721.4850018026332,-471,89,-137,1691.4891671500504
1721.5600018026332,-471,89,-136,1691.5641671500505
1721.755001735876,-474,90,-131,1691.7591670832933
1721.830001735876,-474,90,-130,1691.8341670832933
1722.0250016691189,-476,91,-126,1692.0291670165361
1722.100001669119,-475,91,-126,1692.1041670165362
1722.2950018407803,-474,82,-136,1692.2991671881975
1722.3700018407803,-474,82,-135,1692.3741671881976
1722.5650020124417,-471,79,-151,1692.569167359859
1722.6400020124418,-470,78,-151,1692.644167359859
1722.8350019456846,-477,67,-149,1692.8391672931018
1722.9100019456846,-477,66,-149,1692.9141672931019
1723.1050018789274,-477,67,-147,1693.1091672263447
1723.1800018789274,-477,67,-146,1693.1841672263447
1723.3750018121702,-479,68,-141,1693.3791671595875
1723.4500018121705,-479,68,-141,1693.4541671595878
1723.6450019838317,-481,71,-136,1693.649167331249
1723.7200019838317,-480,70,-135,1693.724167331249
1723.915002155493,-476,68,-147,1693.9191675029103
1723.9900021554931,-476,68,-146,1693.9941675029104
1724.185002088736,-474,67,-155,1694.1891674361532
1724.260002088736,-474,66,-154,1694.2641674361532
1724.4550020219788,-475,59,-158,1694.459167369396
1724.5300020219788,-474,58,-157,1694.534167369396
1724.7250019552216,-476,57,-156,1694.7291673026389
1724.8000019552217,-475,57,-155,1694.804167302639
1724.995002126883,-476,55,-157,1694.9991674743003
1725.070002126883,-476,55,-156,1695.0741674743003
1725.2650022985445,-475,52,-158,1695.2691676459617
1725.3400022985445,-475,51,-158,1695.3441676459618
1725.5350022317873,-476,50,-160,1695.5391675792046
1725.6100022317871,-476,49,-159,1695.6141675792044
1725.80500216503,-476,48,-160,1695.8091675124472
1725.8800021650302,-476,47,-159,1695.8841675124474
1726.075002098273,-478,46,-159,1696.0791674456902
1726.150002098273,-478,46,-158,1696.1541674456903
1726.3450022699344,-478,45,-160,1696.3491676173517
1726.4200022699345,-478,45,-160,1696.4241676173517
1726.6150024415958,-475,46,-165,1696.619167789013
1726.690002441596,-475,46,-165,1696.6941677890134
1726.885002374839,-475,43,-165,1696.8891677222562
1726.9600023748387,-475,43,-165,1696.964167722256
1727.1550023080815,-477,42,-163,1697.1591676554988
1727.2300023080816,-477,42,-163,1697.2341676554988
1727.4250022413244,-479,47,-160,1697.4291675887416
1727.5000022413244,-478,46,-159,1697.5041675887417
1727.6950024129858,-476,45,-165,1697.699167760403
1727.7700024129858,-476,45,-164,1697.774167760403
1727.9650025846472,-476,42,-166,1697.9691679320645
1728.0400025846473,-476,42,-165,1698.0441679320645
1728.23500251789,-476,48,-161,1698.2391678653073
1728.31000251789,-476,47,-160,1698.3141678653074
1728.505002451133,-480,43,-159,1698.5091677985502
1728.580002451133,-479,42,-158,1698.5841677985502
1728.7750023843755,-477,39,-163,1698.7791677317928
1728.8500023843758,-477,38,-162,1698.854167731793
1729.0450025560372,-475,33,-167,1699.0491679034544
1729.1200025560372,-476,32,-166,1699.1241679034545
1729.3150027276986,-478,28,-168,1699.3191680751158
1729.3900027276986,-477,28,-168,1699.3941680751159
1729.5850026609414,-475,26,-171,1699.5891680083587
1729.6600026609417,-475,25,-170,1699.664168008359
1729.8550025941845,-479,29,-164,1699.8591679416018
1729.9300025941843,-479,28,-163,1699.9341679416016
1730.1250025274271,-481,27,-163,1700.1291678748444
1730.2000025274272,-480,27,-162,1700.2041678748444
1730.3950026990883,-483,23,-161,1700.3991680465056
1730.4700026990886,-483,22,-160,1700.4741680465058
1730.66500287075,-479,17,-169,1700.6691682181672
1730.74000287075,-479,16,-168,1700.7441682181673
1730.9350028039928,-475,15,-173,1700.93916815141
1731.0100028039928,-475,14,-172,1701.01416815141
1731.2050027372356,-477,17,-175,1701.209168084653
1731.2800027372357,-476,16,-174,1701.284168084653
1731.4750026704785,-482,20,-163,1701.4791680178957
1731.5500026704783,-482,20,-163,1701.5541680178956
1731.74500284214,-481,20,-164,1701.7491681895572
1731.82000284214,-481,20,-163,1701.8241681895572
1732.015003013801,-478,20,-169,1702.0191683612184
1732.0900030138014,-478,19,-169,1702.0941683612186
1732.2850029470442,-481,10,-168,1702.2891682944614
1732.3600029470442,-481,9,-167,1702.3641682944615
1732.555002880287,-479,12,-170,1702.5591682277043
1732.630002880287,-479,12,-169,1702.6341682277043
1732.82500281353,-481,14,-165,1702.8291681609473
1732.90000281353,-481,14,-165,1702.9041681609472
1733.0950029851913,-484,16,-158,1703.0991683326085
1733.170002985191,-484,15,-158,1703.1741683326084
1733.3650031568527,-482,21,-161,1703.36916850427
1733.4400031568528,-482,21,-161,1703.44416850427
1733.6350030900956,-481,13,-165,1703.6391684375128
1733.7100030900956,-481,13,-165,1703.7141684375129
1733.9100031377793,-477,18,-171,1703.9141684851966
1733.9850031377794,-477,18,-171,1703.9891684851966
1734.185003185463,-481,18,-164,1704.1891685328803
1734.2600031854631,-480,18,-164,1704.2641685328804
1734.455003118706,-484,27,-156,1704.4591684661232
1734.530003118706,-484,27,-155,1704.5341684661232
1734.725003290367,-481,30,-161,1704.7291686377844
1734.8000032903674,-480,29,-160,1704.8041686377846
1734.9950032236102,-481,24,-161,1704.9991685710274
1735.0700032236102,-481,23,-161,1705.0741685710275
1735.265003156853,-482,18,-164,1705.2691685042703
1735.340003156853,-481,17,-164,1705.3441685042703
1735.535003090096,-483,13,-165,1705.5391684375134
1735.610003090096,-482,13,-164,1705.6141684375132
1735.8050030233387,-477,15,-172,1705.809168370756
1735.8800030233388,-477,15,-172,1705.884168370756
1736.075003195,-483,18,-164,1706.0791685424172
1736.1500031950002,-482,17,-164,1706.1541685424174
1736.345003128243,-481,15,-167,1706.3491684756602
1736.420003128243,-481,15,-166,1706.4241684756603
1736.6150030614858,-478,21,-171,1706.619168408903
1736.690003061486,-478,20,-170,1706.6941684089034
1736.885002994729,-480,20,-166,1706.8891683421461
1736.9600029947287,-480,20,-165,1706.964168342146
1737.1550029279715,-482,10,-165,1707.1591682753888
1737.2300029279716,-482,9,-165,1707.2341682753888
1737.425003099633,-476,3,-177,1707.4291684470502
1737.500003099633,-476,3,-176,1707.5041684470502
1737.6950030328758,-478,1,-173,1707.699168380293
1737.7700030328758,-478,0,-173,1707.774168380293
1737.9650029661186,-487,14,-158,1707.9691683135359
1738.040002966119,-487,13,-157,1708.0441683135361
1738.2350028993617,-485,20,-156,1708.239168246779
1738.3100028993615,-485,19,-155,1708.3141682467788
1738.5050028326043,-482,14,-166,1708.5091681800216
1738.5800028326044,-482,14,-165,1708.5841681800216
1738.7750030042655,-481,16,-165,1708.7791683516828
1738.8500030042658,-481,15,-165,1708.854168351683
1739.0450029375086,-484,14,-162,1709.0491682849258
1739.1200029375086,-484,13,-161,1709.1241682849259
1739.3150028707514,-484,16,-162,1709.3191682181687
1739.3900028707517,-483,15,-160,1709.394168218169
1739.5850028039945,-487,24,-155,1709.5891681514117
1739.6600028039943,-487,24,-154,1709.6641681514116
1739.855002737237,-486,34,-151,1709.8591680846544
1739.9300027372371,-486,33,-150,1709.9341680846544
1740.1250029088983,-476,35,-173,1710.1291682563156
1740.2000029088986,-476,35,-172,1710.2041682563158
1740.3950028421414,-477,58,-160,1710.3991681895586
1740.4700028421414,-477,57,-159,1710.4741681895587
1740.6700028898251,-471,87,-148,1710.6741682372424
1740.7450028898252,-471,87,-148,1710.7491682372424
1740.945002937509,-470,113,-121,1710.9491682849261
1741.020002937509,-470,113,-121,1711.0241682849262
1741.2150028707515,-471,120,-96,1711.2191682181688
1741.2900028707518,-471,120,-95,1711.294168218169
1741.4850030424132,-462,132,-109,1711.4891683898304
1741.5600030424132,-462,132,-109,1711.5641683898305
1741.755002975656,-471,125,-81,1711.7591683230733
1741.830002975656,-471,125,-81,1711.8341683230733
1742.0250029088988,-457,148,-82,1712.029168256316
1742.100002908899,-456,148,-81,1712.1041682563161
1742.2950028421417,-467,133,-71,1712.299168189559
1742.3700028421415,-467,132,-71,1712.3741681895588
1742.5650027753843,-453,147,-86,1712.5691681228016
1742.6400027753846,-453,147,-86,1712.6441681228018
1742.835002947046,-467,135,-68,1712.8391682944632
1742.910002947046,-466,134,-67,1712.9141682944633
1743.1050028802888,-453,152,-59,1713.109168227706
1743.1800028802888,-453,151,-59,1713.184168227706
1743.3750028135316,-463,140,-70,1713.379168160949
1743.4500028135317,-462,139,-69,1713.454168160949
1743.6450027467745,-454,150,-49,1713.6491680941917
1743.7200027467743,-454,149,-48,1713.7241680941916
1743.915002680017,-455,146,-27,1713.9191680274344
1743.9900026800174,-455,146,-26,1713.9941680274346
1744.1850028516787,-458,141,-29,1714.189168199096
1744.2600028516788,-458,141,-28,1714.264168199096
1744.4550027849216,-450,147,-10,1714.4591681323388
1744.5300027849216,-450,147,-9,1714.534168132339
1744.7250027181644,-447,142,11,1714.7291680655817
1744.8000027181645,-447,141,11,1714.8041680655817
1744.9950026514073,-444,136,26,1714.9991679988245
